product_name,price,rating,promo,sold,seller,location,link_image
Core i7 i5 Gamer All In One Gaming PC AIO  Computers Laptops Desktop Computer,Rp4.500.000,5.0,-,5 terjual,Smart Tech Indonesia ID,Jakarta Barat,https://images.tokopedia.net/img/cache/200-square/VqbcmM/2024/6/16/71197067-b8d9-48ee-a9ee-2d449d211313.png
Laptop Gaming Asus Vivobook S 14X S5402ZA Intel Core EVO i7 12700H Ram 16GB 2TB 2.8K OLED Win 11 Original Termurah,Rp10.699.000,no rating,-,-,MAXIMAL ID JAKARTA,Jakarta Selatan,https://images.tokopedia.net/img/cache/200-square/VqbcmM/2024/1/16/f4f7f785-8114-4930-a1cf-40bd9b2804ee.jpg
LAPTOP GAMING ASUS VIVOBOOK 16 F1605ZA INTEL CORE I7 1255U 16GB 1TB 16 INCH WUXGA IPS WINDOWS 11 HOME,Rp9.399.000,no rating,Diskon 100rb,-,Laptop Legends ID,Depok,https://images.tokopedia.net/img/cache/200-square/VqbcmM/2024/9/9/8462d855-cedd-4773-92ab-923dd1067971.jpg
LAPTOP GAMING MSI KATANA 15 B13VFK INTEL CORE I7 13620H 32GB DDR5 1TB SSD RTX4060 8GB 15.6 FHD IPS 144HZ 4ZRGB WIN11,Rp16.799.000,no rating,Diskon 100rb,-,Laptop Legends ID,Depok,https://images.tokopedia.net/img/cache/200-square/VqbcmM/2024/9/6/9d37ac6e-6300-4b34-96c8-edabc458a15b.jpg
"Baru Prosesor Intel Generasi core i9 Laptop Terbaru untuk Gaming dan Kerja di Rumah 15.6 Inci,  Memori DDR4 16GB RAM, SSD M.2 1TB, i7",Rp7.699.999,5.0,Diskon 200rb,1 terjual,HUAV_PC,Tangerang,https://images.tokopedia.net/img/cache/200-square/VqbcmM/2024/8/28/c93aaf2e-71a2-4905-91eb-99391eb0a96b.jpg
Laptop Gaming/Editing HP Elitebook 840 G5 Core i7-Gen8 (Dual VGA)MULUS,Rp1.925.000,4.7,Cashback 35rb,100+ terjual,Dacia Jaya Computer,Bandung,https://images.tokopedia.net/img/cache/200-square/VqbcmM/2023/7/4/65911cce-a9c3-4e89-bb7a-c7b08231b585.png
Laptop Gaming Lenovo Thinkpad T470P Core i7 RAM 32GB SSD 512 Nvidia,Rp4.499.000,5.0,-,80+ terjual,Specialist Laptop Second,Jakarta Barat,https://images.tokopedia.net/img/cache/200-square/VqbcmM/2023/9/13/037a378d-b91a-48ba-ba47-37c132d85349.jpg
LAPTOP GAMING LENOVO THINKPAD T480 CORE i7 GEN 8TH/DUAL VGA/16GB/512GB,Rp3.850.000,4.9,-,9 terjual,Computer Murah 2021,Jakarta Pusat,https://images.tokopedia.net/img/cache/200-square/VqbcmM/2023/9/19/3ae27d5f-7401-41bf-bf38-80e8e18c071b.jpg
LAPTOP GAMING MSI THIN CORE i7 GEN 13 RAM 16GB SSD 1TB RTX2050 14 INCH FHD IPS BACKLIGHT WIN 11 ORI,Rp10.399.000,5.0,-,6 terjual,Gadget LAPTOP.ID,Jakarta Pusat,https://images.tokopedia.net/img/cache/200-square/VqbcmM/2024/8/13/cc5584cd-b5ab-4c82-8b03-cf4fc88b69cc.png
"Laptop gaming Razer Blade 14"" core i7 GTX 765M 2013 second original",Rp5.000.000,5.0,-,9 terjual,CHOCO GADGET,Bandung,https://images.tokopedia.net/img/cache/200-square/VqbcmM/2023/5/15/e1bb3c6e-286f-4ccb-8d76-d0884d5029c1.jpg
LENOVO LEGION PRO 5 16IAH7H RHID RTX3070Ti 8GB Intel Core i7-12700H 1TB SSD 16GB RAM Gaming Notebook Laptop,Rp24.325.000,no rating,-,-,Galaxy Solusindo,Malang,https://images.tokopedia.net/img/cache/200-square/VqbcmM/2024/5/13/49518325-0a5f-4270-8d5d-eb31c736be27.jpg
LAPTOP ASUS TUF GAMING F15 FX507VU4 CORE I7 13620H/16GB/512GB/RTX4050 6GB/15.6”/W11+OHS,Rp18.750.000,no rating,-,-,heroK,Medan,https://images.tokopedia.net/img/cache/200-square/VqbcmM/2024/7/31/100e9210-9ee2-4682-b694-41b37921d102.png
"LAPTOP GAMING MSI THIN 15 B12UCX INTEL CORE I7 12650H RAM 32GB TB SSD FHD IPS RTX2050 WIN 11 HOME - Non Bundling, 8GB 512GB",Rp10.299.000,no rating,Diskon 14rb,-,Laptop Legends ID,Depok,https://images.tokopedia.net/img/cache/200-square/VqbcmM/2024/9/6/0b0d4a52-fa77-4ed9-8dbb-2e9244041945.jpg
"Laptop HP Victus Gaming 16 r1209TX r1211TX Core i7-14650HX RTX4060 16GB 1TB SSD IPS - Mica Silver, NON BUNDLING",Rp21.449.000Rp25.999.000,no rating,Diskon 1jt,-,TeknoTrend,Jakarta Pusat,https://images.tokopedia.net/img/cache/200-square/VqbcmM/2024/8/29/94609e28-c0db-4892-8213-7a31dce0737b.png
PC AIO Core i7 i5 Gamer All In One Gaming PC Computers Laptops Desktop Computer - 21.5/I7-4700MQ,Rp5.000.000,no rating,-,-,Smart Tech Indonesia ID,Jakarta Barat,https://images.tokopedia.net/img/cache/200-square/VqbcmM/2024/7/20/f4e0a902-c2c3-4c76-b99b-14fc889532b4.jpg
"Laptop Gaming Lenovo idepad L340 - 15, Intel Core I7- 9750HF, Gen 9Th",Rp8.750.000,5.0,-,5 terjual,dr.com komputer,Jakarta Barat,https://images.tokopedia.net/img/cache/200-square/VqbcmM/2022/4/5/91a75601-cf1a-4e92-b778-7ced59d6d1a2.jpg
Laptop Rendering / Gaming Lenovo Thinkpad Core i7 RAM 8Gb SSD 256Gb,Rp2.650.000,5.0,-,30+ terjual,Dacia Jaya Computer,Bandung,https://images.tokopedia.net/img/cache/200-square/VqbcmM/2023/10/3/d14fb93c-a138-4015-ad9a-65f751ed0f1d.png
LAPTOP GAMING!!!DELL 7280 CORE i7 GEN 7 TOUCHSCREEN RAM 16GB 256GB SSD,Rp2.100.000,4.9,Diskon 50rb,14 terjual,Marvin_electronic,Jakarta Barat,https://images.tokopedia.net/img/cache/200-square/VqbcmM/2023/8/15/0a8a47ab-eaec-4689-af8f-6eb739c90c48.png
LAPTOP GAMING CORE I7 VGA NVDIA NVDIA GEFORCE 4GB SSD 256GB RAM 16GB,Rp4.050.000,5.0,-,1 terjual,nabil comp,Kab. Jepara,https://images.tokopedia.net/img/cache/200-square/VqbcmM/2024/8/10/0a6b7c14-9cd0-423a-bc78-0133ec462386.jpg
"Laptop Gaming Asus TUFF FX504G, Intel Core i7-8750H, Ram 8/1Tb + 128Gb",Rp7.950.000,4.5,-,3 terjual,dr.com komputer,Jakarta Barat,https://images.tokopedia.net/img/cache/200-square/VqbcmM/2021/11/8/899c9b3b-18a4-44b5-be0c-bd8520c9406f.jpg
laptop lenovo thinkpad P52 P52s Core i7 Gen8 | Gaming Render| 32GB ,Rp6.300.000,5.0,-,8 terjual,Hosea Jogja,Jakarta Pusat,https://images.tokopedia.net/img/cache/200-square/VqbcmM/2023/6/23/9c3da7cf-7604-44e7-b0d7-fb3362040520.jpg
Laptop Gaming Digital Storm Avon Core i7-9750H 32GB 1TB RTX2070 8GB VR MINUS,Rp2.575.000Rp25.750.000,no rating,-,-,Otus Solutions,Jakarta Pusat,https://images.tokopedia.net/img/cache/200-square/VqbcmM/2022/5/7/13dc70d2-973e-4e2f-afbd-c534462d012d.jpg
"Laptop Asus TUF Gaming FX503VD, Intel Core i7-7700HQ, 12Gb/1Tb+256Gb",Rp7.650.000,5.0,-,3 terjual,dr.com komputer,Jakarta Barat,https://images.tokopedia.net/img/cache/200-square/VqbcmM/2022/1/30/3bcf53d8-ac2c-4f59-b196-8148ada9994d.jpg
"Laptop Asus Gaming Vivobok A442UR, Core i7-7500U, #Double Vga",Rp4.500.000,5.0,-,1 terjual,dr.com komputer,Jakarta Barat,https://images.tokopedia.net/img/cache/200-square/VqbcmM/2022/3/3/a87041e5-f15e-46e9-a152-64729b53f39a.jpg
"Laptop Asus Gaming X550VXK, Core i7 - 7700HQ, #DuapVga, BLACK",Rp4.900.000,no rating,-,-,dr.com komputer,Jakarta Barat,https://images.tokopedia.net/img/cache/200-square/VqbcmM/2021/11/27/0a3829a3-ccca-498e-a535-8fbad631d46e.jpg
MSI THIN 15 B13UC 2407ID RTX3050 Intel Core i7-13620H 512GB SSD 8GB RAM Notebook Laptop Gaming,Rp12.899.000,no rating,-,-,Galaxy Solusindo,Malang,https://images.tokopedia.net/img/cache/200-square/VqbcmM/2024/8/23/c7877acb-b1e7-4b1f-bf54-194b4671d80b.jpg
"Laptop Gaming Hp Omen 16 Intel Core i7 13700HX 32GB DDR5 2TB SSD RTX4060 8GB FHD IPS 165Hz Windows 11 Home Black - 16GB DDR5, 1TB SSD",Rp19.899.000,no rating,Diskon 14rb,-,Legacy Laptop ID,Depok,https://images.tokopedia.net/img/cache/200-square/VqbcmM/2024/9/11/d21dec03-ab25-43f5-8ff0-e9eed0c43818.jpg
MSI THIN 15 B12VE 2292ID RTX4050 Intel Core i7-12650H 512GB SSD 8GB RAM Notebook Laptop Gaming,Rp13.359.000,no rating,-,-,Galaxy Solusindo,Malang,https://images.tokopedia.net/img/cache/200-square/VqbcmM/2024/8/1/8b727cb9-331d-4581-a139-25ba547bd351.jpg
LAPTOP GAMING BARU AXIOO PONGO 725 RTX2050 CORE I7 12650H RAM 32GB 1TB 15.6 144HZ,Rp10.699.000,no rating,Diskon 14rb,-,Laptop Legends ID,Depok,https://images.tokopedia.net/img/cache/200-square/VqbcmM/2024/9/3/c63e8df0-dac4-4a45-b398-d60f8e835769.jpg
ASUS TUF F16 GAMING FX607JU-I745J1M-O RTX4050 Intel Core I7-13650HX 512GB SSD 16GB RAM Notebook Laptop Gaming,Rp20.696.000,no rating,-,-,Galaxy Solusindo,Malang,https://images.tokopedia.net/img/cache/200-square/VqbcmM/2024/7/16/e256c076-7c1c-41ac-8030-7f42a17811ee.jpg
LAPTOP GAMING TC ! LENOVO THINKPAD T480 CORE i7 GEN 8 32GB/1TB SSD M.2,Rp3.050.000,5.0,-,5 terjual,RedStar Electronic,Jakarta Barat,https://images.tokopedia.net/img/cache/200-square/VqbcmM/2023/3/23/681c2992-e843-40e5-a2f4-4f46ff2ee9e3.jpg
Laptop Gaming MSI GP60 Core i7 RAM 8/128 GB SSD + 256GB HDD,Rp3.200.000,no rating,-,-,Laptop Kampar,Kab. Kampar,https://images.tokopedia.net/img/cache/200-square/VqbcmM/2023/8/4/1bbb8057-4e1c-46e1-960c-364c2bd255e4.jpg
Laptop Gaming Lenovo Thinkpad W530 Core i7-3740MQ doble vga ,Rp2.600.000,5.0,-,1 terjual,Singa Komputer,Bandung,https://images.tokopedia.net/img/cache/200-square/VqbcmM/2024/1/13/b962feff-156e-4970-b65f-8ddc2100619e.png
Laptop Gaming Editing Asus Vivobook X430FN Intel Core i7 Ram 8/512gb,Rp7.500.000,5.0,-,1 terjual,R-07Store,Bandung,https://images.tokopedia.net/img/cache/200-square/VqbcmM/2023/6/11/2051e6aa-a749-4b92-a3af-21a05ec9ace8.jpg
Laptop Gaming Lenovo legion 5 core i7 - 500GB ,Rp13.800.000,no rating,-,-,icornerid,Jakarta Barat,https://images.tokopedia.net/img/cache/200-square/VqbcmM/2023/8/21/97887c43-dd51-49a7-9df5-d18f3ac2cf3e.jpg
DELL PRECISION 7710 7720 7730 CORE i7 LAPTOP GAMING DESIGN SPEK TINGGI,Rp8.099.000,5.0,-,1 terjual,ajkomputer,Tangerang,https://images.tokopedia.net/img/cache/200-square/VqbcmM/2023/8/3/ade8fe3f-6d83-426a-99d7-95425ac1a767.png
Laptop Gaming Dell Precition 7520 Core i7 - 6820HQ Ram 16GB SSD 512GB,Rp5.450.000,5.0,-,1 terjual,Gandi Comp,Bandung,https://images.tokopedia.net/img/cache/200-square/VqbcmM/2023/10/24/adbaa485-784f-497a-a539-a602382b5556.jpg
Laptop Desain Gaming Fujitsu Lifebook AH544 Core i7 GEN 4 BERGARANSI,Rp3.000.000,5.0,-,2 terjual,cv. sparta computindo,Jakarta Timur,https://images.tokopedia.net/img/cache/200-square/VqbcmM/2024/2/11/c00dd449-9127-4f8f-a2af-22d7188355b3.jpg
Laptop Hp Intel Core i7 gen8 spek gaming,Rp6.250.000,5.0,-,1 terjual,yudi com,Kab. Bekasi,https://images.tokopedia.net/img/cache/200-square/VqbcmM/2022/11/27/561d2bd0-784f-4ce6-b400-579d11701574.jpg
Asus ROG Strix GL503GE Gaming Laptop i7 w/ 12 Core GDDR5X 1050 Ti,Rp8.999.000,5.0,-,50+ terjual,GanDante's Store,Bandung,https://images.tokopedia.net/img/cache/200-square/product-1/2019/3/25/3431641/3431641_9238b891-dd71-4b52-aa96-0adfa2fce38b_2048_1536.jpg
"Lenovo Legion Slim 7 16IRH8 Gaming Laptop Notebook - Core i7-13700H - 1TB SSD - 16 GB DDR5 - 16"" 3.2K - NVIDIA RTX 4060 - Windows 11 SL + OHS - 3 year warranty + 3 years ADP",Rp25.259.000Rp45.434.000,no rating,Diskon 70rb,1 terjual,Technosify,Surabaya,https://images.tokopedia.net/img/cache/200-square/VqbcmM/2024/6/25/0f509c2a-bbcc-46b8-a88e-c8f4ef6a616c.png
MSI SWORD 16 HX B14VFKG 613ID RTX4060 Intel Core i7-14650HX 1TB SSD 16GB RAM Notebook Laptop Gaming,Rp25.399.000,no rating,-,-,Galaxy Solusindo,Malang,https://images.tokopedia.net/img/cache/200-square/VqbcmM/2024/7/29/23fcb4a4-e4a5-4e04-b2f3-63257bd4b338.jpg
"Lenovo LOQ 15IRX9 Gaming Laptop Notebook - Core i7-13650HX - 512 GB SSD - 12 GB DDR5 - 15.6"" FHD - NVIDIA RTX 4050 - Windows 11 SL + OHS - 2 year warranty + 2 years ADP",Rp17.549.000Rp25.244.792,no rating,Diskon 70rb,-,Technosify,Surabaya,https://images.tokopedia.net/img/cache/200-square/VqbcmM/2024/6/25/c1b08518-952b-40ee-bd1a-1c7ba81ad857.png
MSI SWORD 16 HX B14VGKG 063ID RTX4070 Intel Core i7 14700HX 1TB SSD 16GB RAM Gaming Notebook Laptop,Rp26.499.000,no rating,-,-,Galaxy Solusindo,Malang,https://images.tokopedia.net/img/cache/200-square/VqbcmM/2024/8/21/7423cc4e-0836-4a26-b605-c78d5d602011.jpg
"LAPTOP ASUS TUF GAMING F16 FX607JU CORE I7 13650HX/16GB/512GB/RTX4050 6GB/16""/W11+OHS",Rp20.800.000,no rating,-,-,heroK,Medan,https://images.tokopedia.net/img/cache/200-square/VqbcmM/2024/7/31/9261ef5f-6c83-4bce-b55f-4b71c0e1958e.png
LAPTOP HP GAMING DUAL VGA CORE I7 RAM 16GB SSD 256GB,Rp3.100.000,no rating,-,-,nabil comp,Kab. Jepara,https://images.tokopedia.net/img/cache/200-square/VqbcmM/2024/6/5/c8d97623-37b7-4399-b293-5cb09000b3c2.jpg
Laptop Toshiba Gaming Core i7 i5 i3 Dual vga Ram 8 Ssd 256GB Like New,Rp2.300.000,5.0,-,5 terjual,Hgc_Indonesia,Jakarta Pusat,https://images.tokopedia.net/img/cache/200-square/VqbcmM/2023/7/7/2037e3d7-3e16-403f-b6fa-89566908bf01.jpg
LAPTOP GAMING GIGABYTE AERO 15XV8 CORE I7 16GB 1TB SSD ,Rp11.000.000,no rating,-,-,profindocomputer,Jakarta Pusat,https://images.tokopedia.net/img/cache/200-square/VqbcmM/2024/4/15/1409fa27-a8a8-4f11-b5fb-5172c9aba519.jpg
LENOVO LEGION PRO 5 16IAH7H RHID RTX3070Ti 8GB Intel Core i7-12700H 1TB SSD 16GB RAM Gaming Notebook Laptop,Rp23.900.000,5.0,Cashback 10rb,1 terjual,GASOL LAPTOP,Malang,https://images.tokopedia.net/img/cache/200-square/VqbcmM/2024/5/13/6f5977c7-dcb0-4268-8894-b3a27b6639f1.jpg
GAMING ! LAPTOP DELL LATITUDE 3400 Core i7 Gen 8 VGA NVIDIA RAM 32GB,Rp2.700.000,5.0,Cashback 10rb,2 terjual,Sparta_Electronic,Jakarta Barat,https://images.tokopedia.net/img/cache/200-square/VqbcmM/2023/11/8/8fe3511b-adc5-4703-bb22-b61b291ef51a.jpg
"Laptop MSI Gaming GL62 7QE, Intel Core i7-7700HQ,Ram 8/1TB",Rp7.200.000,5.0,-,1 terjual,dr.com komputer,Jakarta Barat,https://images.tokopedia.net/img/cache/200-square/VqbcmM/2021/10/30/4c923e9a-08fb-4749-8e1a-da5a5c3705e7.jpg
LAPTOP ASUS GAMING CORE I7 SSD 256GB RAM 16GB DUAL VGA NVDIA GEFORCE 2GB,Rp3.100.000,no rating,-,-,nabil comp,Kab. Jepara,https://images.tokopedia.net/img/cache/200-square/VqbcmM/2024/9/8/29e3f199-a8f6-4718-b588-e36de9bfe7ec.jpg
Dell XPS 15 9560 Laptop  Gaming Desain Mewah Core i7 NVIDIA GTX 1050 Ram 32 SSD 512 GB Layar Touchscreen 4K,Rp10.499.000,no rating,-,-,Hanon Laptop,Makassar,https://images.tokopedia.net/img/cache/200-square/VqbcmM/2024/7/5/fc40cf13-dd34-43ab-8be9-a5442e2fad5b.jpg
Laptop Gaming Acer Core i7 Gen 7 VGA Nvidia 940MX Ram 8GB SSD 256GB,Rp4.500.000,5.0,-,3 terjual,YOGS COMP,Jakarta Pusat,https://images.tokopedia.net/img/cache/200-square/VqbcmM/2024/9/1/03404ed4-fb7a-4099-be72-3823096484c9.jpg
Laptop Gaming Desain Grapis MSI Thin 15 B13UCX-1430ID Intel Core i7 ram 32GB Nvidia RTX 2050,Rp11.699.000,5.0,-,4 terjual,BEC Baru,Bandung,https://images.tokopedia.net/img/cache/200-square/VqbcmM/2024/5/12/4bd3d713-9a5f-474e-bc8b-a9fdee38792e.jpg
THINKPAD W540 LAPTOP RENDER GAMING DUAL VGA CORE I7 8CPU KEY NUMERIC,Rp3.450.000,5.0,-,9 terjual,Billing Computer,Jakarta Utara,https://images.tokopedia.net/img/cache/200-square/VqbcmM/2024/9/11/8e433dde-b2fd-4ffb-a30f-6ceafbca2a64.jpg
Laptop Lenovo gaming Core i7,Rp7.250.000,no rating,-,3 terjual,hologram computer,Jakarta Pusat,https://images.tokopedia.net/img/cache/200-square/VqbcmM/2024/7/17/e1bbcdc0-9b01-48eb-852f-860ad11fbbcb.jpg
Laptop Dell Gaming Core i7 5500U Dual VGA Ram 8 GB SSD 256GB,Rp4.500.000,5.0,-,4 terjual,YOGS COMP,Jakarta Pusat,https://images.tokopedia.net/img/cache/200-square/VqbcmM/2024/9/10/bbeebf56-50ca-4a98-9b51-93aa6ed643d8.jpg
Laptop Gaming MSI GF63 Intel Core i7 Ram 16/512gb FHD Nvidia GTX1050Ti,Rp8.800.000,5.0,-,1 terjual,R-07Store,Bandung,https://images.tokopedia.net/img/cache/200-square/VqbcmM/2023/8/26/5bbbac9b-d7ab-4b01-bbc6-87f636eb9ad5.jpg
laptop Gaming ASUS VIVOBOOK K413E Core i7 gen11 ram 8gb SSD 512 14inc,Rp11.099.000,no rating,-,1 terjual,UD Part Laptop,Jakarta Timur,https://images.tokopedia.net/img/cache/200-square/VqbcmM/2022/10/4/c8c82a7a-70e0-483c-8ef6-377c78289e77.jpg
Laptop SIAP GEMPURRR GAMING & RENDERING HARDCORE ASUS ROG ZEPHYRUS GU502GV Frameless Core i7 Gen9  Ram 16 gb Ssd 512 gb 15.6 Inch FULL HD,Rp11.500.000,no rating,-,-,WIMACOM,Jakarta Utara,https://images.tokopedia.net/img/cache/200-square/VqbcmM/2024/6/29/f11493bd-6177-400b-ad08-6bfacd79aa70.jpg
Laptop Lenovo Gaming Core i7 VGA Nvidia Ram 8GB SSD 128 GB,Rp2.300.000,5.0,-,3 terjual,YOGS COMP,Jakarta Pusat,https://images.tokopedia.net/img/cache/200-square/VqbcmM/2023/6/1/1278dd24-1fe4-434a-886f-3e54cca2ebc2.jpg
Laptop Gaming Gigabyte Sabre 15 Core i7 8750H GTX 1050 RAM 16GB,Rp4.999.999,no rating,-,-,Eureka Collection,Kab. Bogor,https://images.tokopedia.net/img/cache/200-square/VqbcmM/2024/2/28/4e8ee077-420e-47c9-8cc0-1c95a440fdd0.jpg
Laptop Asus Gaming Core i7 VGA Nvidia Ram 8 GB SSD 256 GB Spesial Game,Rp4.700.000,5.0,-,5 terjual,YOGS COMP,Jakarta Pusat,https://images.tokopedia.net/img/cache/200-square/VqbcmM/2024/8/23/849cf22e-d2de-4ccd-b681-4e5180c4f6a8.jpg
Laptop Dell Inspiron 15 7000 Gaming Intel Core i7-7700HQ 8GB 512GB+1TB,Rp6.550.000,no rating,-,-,StoryLaptop Bandung,Bandung,https://images.tokopedia.net/img/cache/200-square/VqbcmM/2023/10/18/1e190393-4a5f-4950-be2a-73612e593a30.jpg
Promo Laptop Gaming Murah HP OMEN Intel Core i7 13620H RTX4050-6GB RAM 64GB DDR5 2TB SSD 144HZ RGB WIN11,Rp16.000.000,no rating,-,1 terjual,Evolutionlaptop,Jakarta Pusat,https://images.tokopedia.net/img/cache/200-square/VqbcmM/2024/7/28/2497af78-92ce-4b53-b950-1db54ef41038.jpg
Laptop Gaming MSI GL62 Core i7 Ram 16gb Ssd+Hdd Dual VGA Nvidia Siap Pakai Fitur Lengkap COD,Rp7.500.000,5.0,-,2 terjual,MasterLaptopComputer,Tangerang Selatan,https://images.tokopedia.net/img/cache/200-square/VqbcmM/2024/8/14/4556707e-b3cd-43cc-9ba3-7f43bada2a4f.jpg
Laptop Gaming MSI GL65 Leopard 10SDK-426ID Core i7-10750H Ram 16/512Gb,Rp10.600.000,no rating,-,-,BURSA_LAPTOP_EFEK,Jakarta Barat,https://images.tokopedia.net/img/cache/200-square/VqbcmM/2023/8/12/2b3d4817-7c48-469c-9909-e5ce4553c176.jpg
Asus Baby ROG X550VX Core i7 VGA Nvidia GTX 950 Laptop Gaming X550V,Rp5.500.000,5.0,-,2 terjual,Tokoplaza Laptop,Depok,https://images.tokopedia.net/img/cache/200-square/VqbcmM/2022/9/9/37aa1be0-f762-40c5-a99c-84572a4f422d.jpg
Laptop Gaming Dell 3400 Core i7 8565u Ram 32Gb SSD 1 TB Nvidia Mx130,Rp4.950.000,4.0,-,4 terjual,Bintang jaya 96,Jakarta Timur,https://images.tokopedia.net/img/cache/200-square/VqbcmM/2024/2/9/e9061d9e-9e23-42a3-8faa-9d8994067c06.jpg
Laptop Gaming Dell G7 7700 Core i7 10750H 16GB 512GB RTX 1660Ti 6GB,Rp24.999.000,5.0,-,1 terjual,Emerick_PC,Jakarta Pusat,https://images.tokopedia.net/img/cache/200-square/VqbcmM/2022/12/10/f007cc7b-bd67-4c34-8512-ba02b31cc1dc.jpg
"Laptop Gaming,Gigabyte P55V5 Core i7-6TH Vga Geforce GTX 960M (8/256) 15""inch",Rp5.500.000,no rating,-,-,CNT Computer,Kab. Deli Serdang,https://images.tokopedia.net/img/cache/200-square/VqbcmM/2024/5/14/793ee680-b7a8-4eff-b870-ca512834f402.jpg
LAPTOP GAMING MSI GE72MVR NVIDIA GTX 1070 8192MB DDR 5 INTEL CORE I7-7700HQ RAM 16GB SSD 512GB+1TB HDD WINDOWS 11,Rp8.900.000,no rating,-,-,PGC part laptop,Jakarta Timur,https://images.tokopedia.net/img/cache/200-square/VqbcmM/2024/5/21/42d5f2aa-734d-427f-89c7-f0222d81ef0a.jpg
Laptop Gaming MSI GE72 Core i7 Ram 16gb Ssd+Ssd Dual VGA COD,Rp7.700.000,no rating,-,-,MasterLaptopComputer,Tangerang Selatan,https://images.tokopedia.net/img/cache/200-square/VqbcmM/2024/4/27/3da3d7af-e58c-4561-859d-0e4df85f1f46.jpg
"Laptop MSI Gaming GE62 6QC, Intel Core i7-6700HQ, Ram 8Gb / SSD 256Gb Dualvga Nvdia Geforce GTX 960M + UHD Graphic 530 Keyboard backlight",Rp5.350.000,no rating,-,-,kajoedstore17,Jakarta Barat,https://images.tokopedia.net/img/cache/200-square/VqbcmM/2024/6/2/4500b7d1-9d20-456a-87b7-bef05b0f182e.jpg
LAPTOP GAMING GIGABYTE AERO 15 CLASSIS-SA CORE I7 GEN 9 16GB 512GB SSD + 1TB SSD ,Rp15.550.000,no rating,-,-,profindocomputer,Jakarta Pusat,https://images.tokopedia.net/img/cache/200-square/VqbcmM/2024/4/15/985c2455-2f41-4753-9bc0-ad7c64352aa4.jpg
LAPTOP GAMING CORE I7 VGA 1GB LAYAR 17 inch RAM 8gb SSD 256GB,Rp4.250.000,5.0,-,1 terjual,nabil comp,Kab. Jepara,https://images.tokopedia.net/img/cache/200-square/VqbcmM/2024/6/8/904cd9a6-e2ba-4fa1-b781-282ae0d05289.jpg
"laptop gaming MSi Modern 15 Core i7-1165G7, Nvdia MX450, 15inchi",Rp8.000.000,no rating,-,30+ terjual,Gwshop27,Jakarta Pusat,https://images.tokopedia.net/img/cache/200-square/VqbcmM/2023/10/23/3fabc55c-f07e-4d82-9184-6149faf0f99e.jpg
"Laptop Gaming Asus ROG Zephyrus M16 Ram 16 GB SSD 1,5 GB Core i7 ",Rp19.400.000,5.0,-,1 terjual,SR MOBILE PHONE,Kab. Sidoarjo,https://images.tokopedia.net/img/cache/200-square/VqbcmM/2023/7/26/7c45fdbf-85cd-4b68-b9aa-1534430952f5.jpg
LAPTOP GAMING ACER ASPIRE A515-57G CORE i7 GEN 12 SSD 512GB RAM 16GB NVIDIA MX550 MULUS,Rp9.000.000,no rating,-,-,Jos Parts,Surabaya,https://images.tokopedia.net/img/cache/200-square/VqbcmM/2024/7/16/5ed8e11d-8679-40f9-9f3b-93b46eed9dbe.jpg
MSI SWORD 16 HX B14VEKG 246ID RTX4050 Intel Core i7-14700HX 1TB SSD 16GB RAM Notebook Laptop Gaming,Rp21.499.000,no rating,-,-,Galaxy Solusindo,Malang,https://images.tokopedia.net/img/cache/200-square/VqbcmM/2024/7/23/ba1aa7e9-d2f7-4b04-b689-099f104f2df2.jpg
"Lenovo Legion Slim 5 16IRH8 Gaming Laptop Notebook RTX4060 - Core i7-13700H - 512 GB SSD - 16 GB DDR5 - 16"" WQXGA - NVIDIA RTX 4060 - Windows 11 SL + OHS - 3 year warranty + 3 years ADP",Rp23.540.000Rp41.097.000,no rating,Diskon 70rb,-,Technosify,Surabaya,https://images.tokopedia.net/img/cache/200-square/VqbcmM/2024/6/25/096c28fc-8538-4cb0-b4f1-3071c6203fdf.png
ACER Nitro V15 ANV15-51-74ZW RTX4050 Intel Core i7-13620H 512GB SSD 16GB RAM Gaming Notebook Laptop,Rp16.649.000,no rating,-,-,Galaxy Solusindo,Malang,https://images.tokopedia.net/img/cache/200-square/VqbcmM/2024/5/4/68961a05-d005-4ec2-9bf6-b80b916c0a92.jpg
"Lenovo Legion 5 16IRX9 Gaming Laptop Notebook RTX4050 - Core i7-14650HX - 512 GB SSD - 16 GB DDR5 - 16"" WQXGA - NVIDIA RTX 4050 - Windows 11 SL + OHS - 3 year warranty + 3 years ADP",Rp22.708.000Rp40.612.599,no rating,Diskon 70rb,-,Technosify,Surabaya,https://images.tokopedia.net/img/cache/200-square/VqbcmM/2024/6/25/845c6e40-c96e-4a51-89ff-5244eaf73958.png
MSI KATANA 17 B13UDXK 1240ID RTX3050 Intel Core i7-13620H 1TB SSD 16GB RAM Notebook Laptop Gaming,Rp16.999.000,no rating,-,-,Galaxy Solusindo,Malang,https://images.tokopedia.net/img/cache/200-square/VqbcmM/2024/7/23/0d244aea-27b5-4ccf-93e7-01824dce1742.jpg
"Lenovo Legion Slim 5 16IRH8 Gaming Laptop Notebook RTX4050 - Core i7-13700H - 512 GB SSD - 16 GB DDR5 - 16"" WQXGA - NVIDIA RTX 4050 - Windows 11 SL + OHS - 3 year warranty + 3 years ADP",Rp21.769.000Rp36.905.777,no rating,Diskon 70rb,-,Technosify,Surabaya,https://images.tokopedia.net/img/cache/200-square/VqbcmM/2024/6/25/36de1bdd-dbc1-4d81-a7d2-b59b6c4a8ca4.png
MSI THIN 15 B13UCX 2408ID RTX2050 Intel Core i7-13620H 512GB SSD 8GB RAM Notebook Laptop Gaming,Rp11.899.000,no rating,-,-,Galaxy Solusindo,Malang,https://images.tokopedia.net/img/cache/200-square/VqbcmM/2024/8/19/e06526a8-7b75-438d-8e34-560db34d4c95.jpg
"Lenovo Legion 5 16IRX9 Gaming Laptop Notebook RTX4060 - Core i7-14650HX - 512 GB SSD - 16 GB DDR5 - 16"" WQXGA - NVIDIA RTX 4060 - Windows 11 SL + OHS - 3 year warranty + 3 years ADP",Rp24.479.000Rp44.569.000,no rating,Diskon 70rb,-,Technosify,Surabaya,https://images.tokopedia.net/img/cache/200-square/VqbcmM/2024/6/25/996f83b7-0b5d-4471-b16a-c9f9031c602f.png
LENOVO LOQ 15IRX9-AHID RTX4050 Intel Core i7-13650HX 512GB SSD 12GB RAM Gaming Notebook,Rp18.200.000,no rating,-,-,Galaxy Solusindo,Malang,https://images.tokopedia.net/img/cache/200-square/VqbcmM/2024/4/22/98aad082-937b-4d98-ab66-2d0502dd7194.jpg
LENOVO LOQ GAMING 15IRX9 AHID GREY CORE i7-13650HX RTX4050 12GB 512GB W11+OHS 2021,Rp16.886.000,5.0,-,7 terjual,ExpoComp,Malang,https://images.tokopedia.net/img/cache/200-square/VqbcmM/2024/7/25/fc9ba164-6d2e-4ffd-8b55-5a410df12de1.jpg
Laptop Gaming Asus N46VZ Core i7,Rp3.100.000,no rating,-,-,iNanoTech,Kab. Kuningan,https://images.tokopedia.net/img/cache/200-square/VqbcmM/2024/5/23/59ece71d-dbc8-4792-8003-725224e3db4f.jpg
"Alienware M18 R1 Gaming Laptop QHD+ Display, Intel Core i7 -13700HX",Rp31.000.000,no rating,-,-,CrazzyStore,Tegal,https://images.tokopedia.net/img/cache/200-square/VqbcmM/2024/6/13/ab99ac66-06af-4958-91db-ac53c519bdd6.jpg
HP Pavilion Gaming Laptop 15-dk0042TX Intel Core i7-9750H NVIDIA GeForce GTX 1650 Ram 16/256 GB SSD + 1 TB HDD (13DJ),Rp6.450.000,no rating,-,-,Fine Applestore,Tangerang,https://images.tokopedia.net/img/cache/200-square/VqbcmM/2024/7/23/822c31b4-802c-4137-808d-b80fa258cde7.jpg
Laptop Gaming HP Victus 16 - D010TX ( Doble SSD NVME ) Core i7 Gen 11 ,Rp10.500.000,no rating,-,-,S2R_evo,Kab. Sidoarjo,https://images.tokopedia.net/img/cache/200-square/VqbcmM/2023/9/2/300259a2-3520-4473-8620-ea247db840a1.jpg
Laptop Gaming Dell Alienware M17 R2 Core i7 Gen 9th RTX 2070 8GB,Rp24.000.000,5.0,-,1 terjual,quickstar320,Bandung,https://images.tokopedia.net/img/cache/200-square/VqbcmM/2021/7/9/45d84ab1-b879-4289-b8a8-13d9c108c98a.jpg
MSI KATANA 15 B13VGK-1887ID RTX4070 Intel Core i7 13620H 1TB SSD 16GB RAM Gaming Notebook / Laptop,Rp21.799.000,no rating,-,-,Galaxy Solusindo,Malang,https://images.tokopedia.net/img/cache/200-square/VqbcmM/2024/8/27/96a4aa55-25fd-416c-bad7-a68c970831ec.jpg
MSI Gaming Thin 15 B12UCX-2413 //Core i7-12650H/8GB/512GB SSD/RTX2050,Rp10.850.000,no rating,Diskon 10rb,-,Suka Komputer Banjarmasin,Banjarmasin,https://images.tokopedia.net/img/cache/200-square/VqbcmM/2024/8/24/df16a2c1-2132-456e-8285-7a527a6590f8.png
MSI THIN 15 B12UC 2405ID RTX3050 IIntel Core i7-12650H 512GB SSD 8GB RAM Notebook Laptop Gaming,Rp11.649.000,no rating,-,-,Galaxy Solusindo,Malang,https://images.tokopedia.net/img/cache/200-square/VqbcmM/2024/8/23/38083fc7-056a-48be-a7d2-0b503074e55f.jpg
LENOVO GAMING LEGION 5 16IRX9 BWID GREY INTEL CORE i7-14650HX RTX4050 16GB 512GB W11+OHS 2021,Rp21.238.000,5.0,-,1 terjual,ExpoComp,Malang,https://images.tokopedia.net/img/cache/200-square/VqbcmM/2024/7/31/e7ab6287-e6cc-4075-8561-ec26806446ae.jpg
Laptop HP Intel Core i3 Gen 12 UHD 8GB / 4GB RAM 512GB SSD Blue / Gold / Silver Windows 11 Home 14 Inch Garansi 2 Tahun Official,Rp7.039.000Rp8.299.000,4.9,"Diskon 351,95rb",250+ terjual,HP Official,Jakarta Utara,https://images.tokopedia.net/img/cache/200-square/VqbcmM/2024/7/18/60e08e6c-7998-4316-8d2d-980d08b831c7.jpg
"Laptop Gaming HP 15 - ak050TX, Core i7-6700HQ, #DualVga, Ram 8/1Tb",Rp6.850.000,5.0,-,1 terjual,dr.com komputer,Jakarta Barat,https://images.tokopedia.net/img/cache/200-square/VqbcmM/2022/3/24/c09aa071-8082-49bf-b5e8-17673f2f0879.jpg
Laptop Gaming Asus ROG GL552VX Core i7-7700HQ Ram8gb Hdd1TB GTX1050m,Rp6.500.000,5.0,-,1 terjual,Syifa Rezza,Jakarta Barat,https://images.tokopedia.net/img/cache/200-square/VqbcmM/2023/1/5/a7761c7b-f0e5-40fc-9348-f1d234fb06f3.jpg
Laptop Gaming MSI GF63 Thin 9RCX Core I7-9750H RAM 16/512GB GTX1050 Ti,Rp8.000.000,no rating,-,-,WawallstoreLaptop,Bandung,https://images.tokopedia.net/img/cache/200-square/VqbcmM/2023/8/27/da7dee1e-ada1-4c2a-98d8-a1d63205b87e.jpg
Laptop GAMING P70 Lenovo Thinkpad Core i7 Gen 6th DUAL VGA RAM 16GB,Rp7.100.000,no rating,-,-,EliteComp,Jakarta Pusat,https://images.tokopedia.net/img/cache/200-square/VqbcmM/2023/2/7/5214b23b-fb03-46a3-a3b5-f7ab3daefcd9.jpg
Laptop Asus Gaming Core i7 Dual VGA Ram 8GB SSD 128GB Spesial Game,Rp3.400.000,4.0,-,8 terjual,RED_COMP,Jakarta Pusat,https://images.tokopedia.net/img/cache/200-square/VqbcmM/2024/3/26/b516470c-8696-4fba-8fdb-0a8bfaf938ba.jpg
Laptop Gaming MSI Rtx3070 ti core i7-12700h 16 gb SSD 1 TB Fullset ,Rp17.500.000,no rating,-,-,Laptop Mahasiswa,Kab. Deli Serdang,https://images.tokopedia.net/img/cache/200-square/VqbcmM/2024/3/5/19df34ce-124c-4807-8775-5713782993f0.jpg
LAPTOP SULTAN GAMING MSI GE72MVR NVIDIA GTX 1070 8192MB DDR 5 INTEL CORE I7-7700HQ RAM 16GB SSD 512GB+1TB HDD WINDOWS 11 AKTIF SECOND PREMIUM,Rp8.980.990,no rating,-,-,UD Part Laptop,Jakarta Timur,https://images.tokopedia.net/img/cache/200-square/VqbcmM/2024/5/21/4eac52fd-1f9c-4777-8091-1d1225616f67.jpg
Laptop Gaming Acer Nitro 5 Intel Core I7-11800H Gen 11 16/1TB RTX 3050,Rp10.799.000,no rating,Cashback 100rb,-,Sri Laptop BDG,Bandung,https://images.tokopedia.net/img/cache/200-square/VqbcmM/2024/5/7/74b77ed1-fbfc-4ce3-80fb-840a02062c34.jpg
Laptop Gaming HP pavilllion Core i7 Gen 6 GTX 960M,Rp4.000.000,no rating,-,-,RJ winfast,Kab. Karimun,https://images.tokopedia.net/img/cache/200-square/VqbcmM/2024/7/7/767ebe1e-700e-49e7-b9ad-9b2b2c6664e2.jpg
Laptop Asus Gaming ROG GL752VW Core I7 GTX960,Rp6.000.000,no rating,-,-,garasi vandiano,Depok,https://images.tokopedia.net/img/cache/200-square/VqbcmM/2024/3/28/fcb3142a-6c97-4175-b514-6f3d2d6e73e0.jpg
ASUS PC GAMING ROG STRIX G13CH-7F1153607WSO CORE i7-13700F RTX3060 16G,Rp21.971.000,5.0,-,7 terjual,ExpoComp,Malang,https://images.tokopedia.net/img/cache/200-square/VqbcmM/2023/9/6/cbaf08e1-d7af-4309-989e-41810ce3134a.jpg
laptop slim fujitsu U939 Core i7-Gen8 Ram 16GB BERGARANSI,Rp5.199.999,5.0,-,10 terjual,Develop Computer,Bandung,https://images.tokopedia.net/img/cache/200-square/VqbcmM/2024/9/6/cb5fd03d-261c-4000-931d-7c1b918962ff.jpg
LENOVO GAMING LEGION 5 16IRX9 4QID GREY INTEL CORE i7-14650HX RTX4050 16GB 512GB W11+OHS2021,Rp21.238.000,no rating,-,2 terjual,ExpoComp,Malang,https://images.tokopedia.net/img/cache/200-square/VqbcmM/2024/7/31/d549846d-4e64-4d88-aa0f-f117c2bbd75c.jpg
"MSI GAMING THIN 15 B13VE 9S7-16R831-2406 GREY CORE i7-13620H RTX4050 16GB 512GB WIN 11 - NON BUNDLE, TETAP 16GB",Rp14.268.000,no rating,-,-,Intel Powered Store Surabaya by ExpoComp,Surabaya,https://images.tokopedia.net/img/cache/200-square/VqbcmM/2024/9/6/2e904f7c-1ed6-4abf-94d1-3edda3d4de9b.jpg
"ACER GAMING NITRO V 15 ANV15-51-79Y1 CORE i7-13620H RTX2050 16GB 512GB W11+OHS 2021 - NON BUNDLE, TETAP 16GB",Rp13.764.000,no rating,-,-,ExpoComp,Malang,https://images.tokopedia.net/img/cache/200-square/VqbcmM/2024/2/13/a6228470-5029-432b-8298-9bbf8bafabe3.jpg
Laptop Gaming HP Envy 15 Nvidia GeForce GTX 850-Core i7-Ram 8GB,Rp3.950.000,no rating,-,-,Cruezero,Tangerang Selatan,https://images.tokopedia.net/img/cache/200-square/VqbcmM/2022/12/11/d7184f1b-f30a-4e8c-b1e4-98ac2b1bd20b.jpg
Laptop Gaming Desain Grafis Lenovo Thinkpad W530 core i7 Nvidia Quadro,Rp2.999.000,no rating,-,-,Gandi Comp,Bandung,https://images.tokopedia.net/img/cache/200-square/VqbcmM/2024/3/7/220df570-1f41-4f04-848d-987016602476.jpg
Laptop Gaming Dell Alienware 15 Core i7 Nvidia GTX 970M Ram 16/512 RGB Mulus,Rp4.200.000,no rating,-,-,ThinkpadPD,Jakarta Timur,https://images.tokopedia.net/img/cache/200-square/VqbcmM/2024/7/1/2708cb48-5cae-482a-a2a8-8a77d118bc32.jpg
"LAPTOP LEPTOP GAMING LENOVO CORE i7 RAM 16 GB HDD 1TB VGA 4GB 15,6 INC",Rp6.490.000,5.0,-,1 terjual,UD Part Laptop,Jakarta Timur,https://images.tokopedia.net/img/cache/200-square/VqbcmM/2022/7/1/d0a92a30-7fd0-4012-9a95-d5730f9bd5c5.jpg
Laptop Gaming Toshiba Z50C - Core i7 Gen6 - SSD 512 - 8GB - Nvidia 2GB,Rp6.899.000,no rating,-,40+ terjual,Specialist Laptop Second,Jakarta Barat,https://images.tokopedia.net/img/cache/200-square/attachment/2019/11/2/157263245976337/157263245976337_886e84dc-3479-40b2-8274-996368c312f1.png
ASUS G Lighting GL531GT 15.6inch Core i7 Gaming Laptop,Rp8.500.000,no rating,-,-,Preloved_bysher,Surabaya,https://images.tokopedia.net/img/cache/200-square/VqbcmM/2024/4/13/820f4b1c-72ec-4ca4-b6f4-6ac04973e552.jpg
Dell Precision M6500 Core i7 8GB 500GB Laptop Gaming Mantap Anti Lemot,Rp3.900.000,no rating,-,1 terjual,Arizky Octa Shop,Jakarta Barat,https://images.tokopedia.net/img/cache/200-square/product-1/2019/8/26/555648/555648_e1416c9c-d364-480f-938c-9eeb71c78a85_2048_2048.jpg
Laptop Gaming Acer Nitro V 15 ANV15-51-79Y1/Core i7-13620H/16GB/512GB SSD/RTX2050 4GB/15.6″ FHD 144Hz/W11+OHS,Rp14.950.000,no rating,-,-,Bintang Jaya Komputer Samarinda,Samarinda,https://images.tokopedia.net/img/cache/200-square/VqbcmM/2024/5/7/f3ed000c-7a3d-498e-9e44-8584914dd83c.jpg
Laptop Gaming MSI GF63 10SCSR Intel Core I7-10750H 8/512GB GTX 1650 Ti,Rp8.199.000,no rating,Cashback 100rb,-,Sri Laptop BDG,Bandung,https://images.tokopedia.net/img/cache/200-square/VqbcmM/2024/6/22/ad5d7262-415c-4474-b0c7-423e7d88f026.jpg
Laptop Gaming desain Asus ROG Chimera G703GL Core i7 Ram 64gb GTX 1080 Fullset,Rp13.000.000,no rating,-,-,Bayu-BJ,Kab. Indramayu,https://images.tokopedia.net/img/cache/200-square/VqbcmM/2024/6/7/31978c60-bfe8-4809-aab8-3d90bc82da0d.jpg
"PROMO !! LAPTOP LENOVO TOUCHSCREEN T470s CORE i7 GEN 7 RAM 8GB/256 SSD - T450 i5-5, 8GB/256GB",Rp2.200.000,4.7,-,250+ terjual,STAR JAYA_ELECTRONIC,Jakarta Barat,https://images.tokopedia.net/img/cache/200-square/VqbcmM/2022/8/11/9d597479-b483-4a1e-86d2-eb5197142d2b.jpg
MSI GAMING THIN 15 B12UC 9S7-16R831-1675 CORE i7-12650H RTX3050 8GB,Rp11.722.000,no rating,-,-,Intel Powered Store Surabaya by ExpoComp,Surabaya,https://images.tokopedia.net/img/cache/200-square/VqbcmM/2024/7/3/a5f3bd39-0080-45cb-b398-464f31eeac5d.jpg
"LENOVO LOQ GAMING 15IRX9 AHID GREY CORE i7-13650HX RTX4050 12GB 512GB - NON BUNDLE, TETAP 12GB",Rp16.886.000,no rating,-,-,Lenovo Legion Store Surabaya,Surabaya,https://images.tokopedia.net/img/cache/200-square/VqbcmM/2024/7/25/3bb0e299-120b-4ab8-a70b-04187eb2dac9.jpg
PROMO!! LAPTOP ASUS X441 RAM 8GB/512GB SSD FREE MOUSE/TAS,Rp1.750.000,4.8,-,50+ terjual,FAMILY GAME,Jakarta Barat,https://images.tokopedia.net/img/cache/200-square/VqbcmM/2023/1/11/a67a2eac-076c-4996-9f7d-43410263bf7e.jpg
laptop bekas hp elitebook 8440p,Rp2.000.000,no rating,-,-,dapur-KAYLA,Jakarta Utara,https://images.tokopedia.net/img/cache/200-square/VqbcmM/2024/8/7/9838c959-f9fc-4c80-83b1-2061b422db6b.jpg
core i7/LENOVO THINKPAD W520/VGA NVIDIA 2GB /LAPTOP GAMING,Rp5.999.000,no rating,-,17 terjual,cude computer,Bekasi,https://images.tokopedia.net/img/cache/200-square/product-1/2017/11/19/102770519/102770519_d133a06d-3135-488c-9306-ec7a7d8e2021_2048_0.jpg
Laptop 16 inch Intel Core i7 10750H Dual Screen + 14 Inch Touch Laptop Win 11 Gaming Gamer Business Notebook Computer Laptops WholesaleLaptop 16 inch Intel Core i7 10750H Dual Screen + 14 Inch Touch Laptop Win 11 Gaming Gamer Business Notebook Computer,Rp9.500.000,no rating,-,-,Tech Heaven Indonesia,Jakarta Barat,https://images.tokopedia.net/img/cache/200-square/VqbcmM/2024/6/5/297d0c9d-6072-425c-a78f-19912c49de4a.png
"Laptop Gaming MSI GL63 8RC, Intel Core i7-8750H, Gen 8Th, Ram 8Gb / SSD 512Gb DualVga Nvidia GeForce GTX 1650 4Gb + UHD Graphic 630",Rp7.600.000,5.0,-,1 terjual,kajoedstore17,Jakarta Barat,https://images.tokopedia.net/img/cache/200-square/VqbcmM/2024/5/3/dcded8da-08f5-4ec7-8d78-6624456848bd.jpg
Alienware 17 R5 Gaming Laptop i7 w/ 12 Core Gen 8 + GDDR5X 1070 8 GB,Rp19.999.000,5.0,-,25 terjual,GanDante's Store,Bandung,https://images.tokopedia.net/img/cache/200-square/product-1/2019/3/26/3431641/3431641_479d8911-b8c4-4c9f-9687-c8ee51fd0749_965_599.jpg
Laptop Gaming Desain Dell XPS 15 7590 Core i7 9750H GTX 1650 4K Touch,Rp4.400.000,no rating,-,-,Ysmail Shop,Kab. Sumedang,https://images.tokopedia.net/img/cache/200-square/VqbcmM/2024/5/29/d380d9a9-092a-410d-aa03-992896d026cb.jpg
"Laptop Gaming LENOVO LEGION 5 Fullset Garansi - Intel Core i7 12700H RTX 3050Ti 15,6inch 165Hz IPS FHD 1080p RAM 16GB SSD 512GB Win 11 Ori",Rp14.499.000,no rating,-,-,CTECH STORE COMPUTER,Bandung,https://images.tokopedia.net/img/cache/200-square/VqbcmM/2024/5/23/62ab7204-7c04-4d3d-b7e8-3aba06ca09a2.jpg
Laptop Gaming HP Pav. 14 Core i7 NVIDIA GeForce 840m RAM 12GB HDD 1TB,Rp3.500.000,no rating,-,-,raalhabib,Tangerang,https://images.tokopedia.net/img/cache/200-square/VqbcmM/2022/9/6/f427e5e8-0c24-42cf-8d91-8d95e0be6686.jpg
Laptop Gaming Hp 15-xx016TX/ Core I7- 8750H/ 8/1Tb/ GTX 1050Ti 4Gb,Rp8.100.000,no rating,-,1 terjual,dr.com komputer,Jakarta Barat,https://images.tokopedia.net/img/cache/200-square/VqbcmM/2022/6/27/a4a2b111-ab27-4a70-98f5-17be6fa5f3ab.jpg
Laptop Gaming Lenovo Slim 7i Core Evo i7 1260P Ram 16gb DDR5 1tb ssd,Rp11.699.000,4.7,-,3 terjual,Jaya Laptop. id,Jakarta Pusat,https://images.tokopedia.net/img/cache/200-square/VqbcmM/2024/8/17/44e22122-462a-403b-a5e1-caf918ceb316.jpg
Laptop Gaming MSI E16J8IMS Intel Core I7-7700HQ 8/500GB GTX 1050,Rp6.000.000,no rating,Cashback 100rb,-,Sri Laptop BDG,Bandung,https://images.tokopedia.net/img/cache/200-square/VqbcmM/2024/7/12/bbcca64a-638f-4d0e-82be-b70f493afbd1.jpg
"LAPTOP GAMING LOQ 15 INTEL CORE I7 13650HX 20GB DDR5 1TB SSD RTX3050-6GB 15,6 100% SRGB WIN 11 OHS",Rp16.299.000,5.0,-,1 terjual,BattleTechno,Jakarta Selatan,https://images.tokopedia.net/img/cache/200-square/VqbcmM/2024/8/23/313c1197-a01d-4439-ae22-a658dc59c271.jpg
LAPTOP GAMING LENOVO THINKPAD P73 Core i7 GEN 9 RAM 64 GB SSD 2 TB VGA RTX 4000 GB 4K,Rp12.290.000,no rating,-,-,LAPTOPTECHCENTRE,Jakarta Pusat,https://images.tokopedia.net/img/cache/200-square/VqbcmM/2024/9/11/77d19e10-77c1-4b95-abc0-64f0a06eea4c.jpg
Laptop Gaming Aftershock Core i7 6700HQ Nvidia GTX 960M,Rp3.400.000,no rating,-,-,Ysmail Shop,Kab. Sumedang,https://images.tokopedia.net/img/cache/200-square/VqbcmM/2024/5/29/83256527-8972-487e-8f53-ac507eb0e7c7.jpg
"Laptop Gaming Dell Inspiron P65F, Core I7- 7700HQ, 20Gb + 1Tb + 256Gb.",Rp6.650.000,no rating,-,2 terjual,dr.com komputer,Jakarta Barat,https://images.tokopedia.net/img/cache/200-square/VqbcmM/2022/2/6/7f9b5bc2-e27c-4ac7-afc9-a72f790d6276.jpg
LENOVO LOQ 15IRX9-AHID RTX4050 Intel Core i7-13650HX 512GB SSD 12GB RAM Gaming Notebook,Rp17.985.000,no rating,Cashback 10rb,-,GASOL LAPTOP,Malang,https://images.tokopedia.net/img/cache/200-square/VqbcmM/2024/4/22/4472f0a6-c88b-4a23-8a6e-31af02039615.jpg
Laptop Gaming Design Lenovo V510 Core i7 7500U FullHD Radeon R7 620 Ram 8GB Slim,Rp2.900.000,no rating,-,-,ThinkpadPD,Jakarta Timur,https://images.tokopedia.net/img/cache/200-square/VqbcmM/2024/7/4/004c42d2-fe7d-4e1b-8bf5-ba01b0ac88b2.jpg
MSI SWORD 16 HX B14VGKG 063ID RTX4070 Intel Core i7 14700HX 1TB SSD 16GB RAM Gaming Notebook Laptop,Rp26.499.000,no rating,Cashback 10rb,-,GASOL LAPTOP,Malang,https://images.tokopedia.net/img/cache/200-square/VqbcmM/2024/8/26/4a0650b5-7e41-4398-8742-bf317fd72e62.jpg
"Laptop Asus TUF Gaming FX504GD, Intel Core I7- 8750H, 10Gb + 1Tb+256Gb",Rp8.200.000,no rating,-,-,dr.com komputer,Jakarta Barat,https://images.tokopedia.net/img/cache/200-square/VqbcmM/2022/2/17/15fbb2a3-f2fd-4664-8875-bb7c4c236468.jpg
Motherboard AFTERSHOCK NP50DE Intel Core i7-Gen 10/Nvidia GTX 1650TI/Laptop Gaming original cabutan,Rp2.000.000,no rating,-,-,Teknisi Expert,Kab. Deli Serdang,https://images.tokopedia.net/img/cache/200-square/VqbcmM/2024/5/23/a328154e-d80d-4198-b3aa-4fb59dd0de93.jpg
LAPTOP GAMING DESAIN TOSHIBA DUAL VGA CORE I7 RAM 16GB HDD SSD 256GB,Rp3.150.000,no rating,-,-,nabil comp,Kab. Jepara,https://images.tokopedia.net/img/cache/200-square/VqbcmM/2024/7/22/f17cfdae-abd4-4e63-8e04-e40ee6974c75.jpg
[NVIDIA RTX 4060] Laptop Gaming MSI Cyborg Core i7 Gen 12 Ram 16Gb!,Rp16.000.000,no rating,-,-,Laptop Master,Tangerang Selatan,https://images.tokopedia.net/img/cache/200-square/VqbcmM/2024/2/19/bc54300a-66b6-4b6d-9114-bfd34d3b016e.jpg
Laptop Gaming Dell Inspiron 15-7000 P65F Core I7 Ram 8/256G BERGARANSI,Rp7.300.000,no rating,-,-,BURSA_LAPTOP_EFEK,Jakarta Barat,https://images.tokopedia.net/img/cache/200-square/VqbcmM/2023/4/16/8e5f69ff-096c-4816-aade-e1898e30ea8a.jpg
"Laptop Asus TUF Gaming FX505GE, Intel Core I7- 8750H, Ram 8/1Tb+128Gb",Rp7.950.000,no rating,-,-,dr.com komputer,Jakarta Barat,https://images.tokopedia.net/img/cache/200-square/VqbcmM/2022/4/6/a556bdce-a810-436e-b61b-ba839f257d0f.jpg
LAPTOP ALIENWARE 17 GAMING DESIGN & RENDERING CORE i7 GEN 4 RAM 16GB SSD 256GB HDD 1TB DUAL VGA,Rp6.999.900,no rating,-,-,AuraStore84,Batam,https://images.tokopedia.net/img/cache/200-square/VqbcmM/2024/6/14/3d5aee43-8b90-4dbf-afdf-b0955460cefa.jpg
LAPTOP ACER PREDATOR TRITON 300 PT 515-52 GAMING DESIGN & RENDERING CORE i7 GEN 10 RAM 32GB SSD 1TB,Rp12.499.900,no rating,-,-,AuraStore84,Batam,https://images.tokopedia.net/img/cache/200-square/VqbcmM/2024/5/26/4262f8c7-16f8-47a2-ab79-5a17300a8673.jpg
LAPTOP GAMING!! LAPTOP DELL G7 7588 (CORE I7 GEN 8 RAM 16 SSD 256 + 1TB HDD),Rp6.400.000,no rating,-,-,KetakketikComp,Depok,https://images.tokopedia.net/img/cache/200-square/VqbcmM/2024/6/2/c8dd4bd4-6eee-479d-bdf7-8294134f1d90.jpg
Laptop Premium Gaming Editing Asus X412FL Intel Core i7 Ram 8/512Gb,Rp7.550.000,no rating,-,-,R-07Store,Bandung,https://images.tokopedia.net/img/cache/200-square/VqbcmM/2023/6/23/950f2833-82ac-4683-8b2f-706f1367e6e0.jpg
Laptop Murah Gaming CORE i7 RAM 12 SSD 1TB Jual Cepat,Rp4.000.000,no rating,-,-,3H PROPERTY,Tanjung Pinang,https://images.tokopedia.net/img/cache/200-square/VqbcmM/2022/11/22/e32ee273-a8e0-418c-ac30-ec083fda83c1.jpg
Laptop Gaming Acer Nitro 5 Intel Core I7-9750H 8/512GB GTX 1650,Rp7.999.000,no rating,Cashback 100rb,-,Sri Laptop BDG,Bandung,https://images.tokopedia.net/img/cache/200-square/VqbcmM/2024/7/7/40050328-aa9e-4cf5-a3b2-655045fbcc4e.jpg
NEW Alienware 15 R4 2018 Gaming Laptop i7 w/ 8 Core 8th Generation,Rp13.999.000,5.0,-,23 terjual,GanDante's Store,Bandung,https://images.tokopedia.net/img/cache/200-square/product-1/2018/12/20/3431641/3431641_9611eb59-a7a2-47e5-814b-85954cf9bb26_2048_1536.jpg
Laptop Super Gaming Aftershock APEX-17 Core i7-8750H Nvidia GTX 1060 16/256 (Keyboard RGB),Rp7.500.000,no rating,-,-,CNT Computer,Kab. Deli Serdang,https://images.tokopedia.net/img/cache/200-square/VqbcmM/2024/7/23/6e8474b1-237d-42ed-9bdb-fdaa0b6e7293.jpg
Laptop Gaming MSI GL62 Core i7 Gen7 Nvidia GTX 1050Ti SSD+HDD,Rp6.935.000,no rating,-,-,Jokis Computer,Magelang,https://images.tokopedia.net/img/cache/200-square/VqbcmM/2024/1/14/ef142fbb-6396-4c56-85ce-c1f1b647d435.jpg
LAPTOP GAMING FUJITSU CORE i7 GEN 8 RAM 20 SSD 512GB LIKE NEW,Rp4.450.000,5.0,-,7 terjual,hologram computer,Jakarta Pusat,https://images.tokopedia.net/img/cache/200-square/VqbcmM/2022/2/15/9a5946ee-583f-4fb7-b9ce-37e7396428b9.jpg
MSI KATANA 15 B13VGK-1887ID RTX4070 Intel Core i7 13620H 1TB SSD 16GB RAM Gaming Notebook / Laptop,Rp21.799.000,no rating,-,-,GASOL,Malang,https://images.tokopedia.net/img/cache/200-square/VqbcmM/2024/8/27/17d5b562-3eca-4626-a353-c3b6fc0f4a1d.jpg
LAPTOP GAMING ASUS ROG ZEPHYRUS M15 INTEL CORE i7-10750H RAM 16 GB SSD 512 GB NVIDIA GEFORCE RTX 2060,Rp12.000.000,no rating,-,-,jcomputers008,Jakarta Timur,https://images.tokopedia.net/img/cache/200-square/VqbcmM/2024/6/14/e77a6284-da41-48bf-b184-67ad6d74833d.jpg
"LENOVO LOQ GAMING 15IRX9 AHID GREY CORE i7-13650HX RTX4050 12GB 512GB - NON BUNDLE, TETAP 12GB",Rp17.084.000,no rating,-,-,Intel Powered Store Surabaya by ExpoComp,Surabaya,https://images.tokopedia.net/img/cache/200-square/VqbcmM/2024/7/25/a8ccac8a-eb98-47af-b565-83e2746625d6.jpg
"Laptop Ultrabook Gen 11 J4105 14.1 Inci RAM DDR4 8GB + SSD 256/512GB - SILVER DDR 4, 8+256G M.2 SSD",Rp3.600.500,5.0,Diskon 100rb,11 terjual,MengmaStore,Jakarta Utara,https://images.tokopedia.net/img/cache/200-square/VqbcmM/2023/10/11/3c745e6f-d78d-4ceb-8bca-c756bb69dcf5.jpg
"Intel NUC Laptop Ci7-1165G7 RAM 16GB NVME 1TB 14"" Touchscreen W11 HOME",Rp11.799.000,5.0,-,2 terjual,WPG OFFICIAL,Jakarta Pusat,https://images.tokopedia.net/img/cache/200-square/VqbcmM/2024/9/7/9c639757-f6a9-413c-82d1-b63bf61b6675.png
Lenovo V14 G4 i5-13420H 512GB SSD 8GB FHD IPS Win11+OHS,Rp8.999.000Rp10.599.000,5.0,"Diskon 449,95rb",40+ terjual,Lenovo Authorized Tangerang,Tangerang,https://images.tokopedia.net/img/cache/200-square/VqbcmM/2024/8/1/a6ef20bc-5442-4936-a6fe-18db5ef4b833.jpg
"MSI GAMING THIN 15 B12VE 9S7-16R831-2404 GREY CORE i7-12650H RTX4050 8GB 512GB W11 TANPA OHS 2021 - NON BUNDLE, TETAP 8GB",Rp13.398.000,no rating,-,-,Intel Powered Store Surabaya by ExpoComp,Surabaya,https://images.tokopedia.net/img/cache/200-square/VqbcmM/2024/9/6/0377a7a9-9ce0-4c7e-804a-4376028e97c0.jpg
"MSI GAMING THIN 15 B13VE 9S7-16R831-2406 GREY CORE i7-13620H RTX4050 16GB 512GB WIN 11 - NON BUNDLE, TETAP 16GB",Rp14.268.000,no rating,-,-,Intel Powered Store Surabaya by ExpoComp,Surabaya,https://images.tokopedia.net/img/cache/200-square/VqbcmM/2024/9/6/2e904f7c-1ed6-4abf-94d1-3edda3d4de9b.jpg
"LENOVO LOQ GAMING 15IRX9 AHID GREY CORE i7-13650HX RTX4050 12GB 512GB - NON BUNDLE, TETAP 12GB",Rp16.886.000,no rating,-,-,Lenovo Legion Store Surabaya,Surabaya,https://images.tokopedia.net/img/cache/200-square/VqbcmM/2024/7/25/3bb0e299-120b-4ab8-a70b-04187eb2dac9.jpg
MSI GAMING THIN 15 B12UC 9S7-16R831-1675 CORE i7-12650H RTX3050 8GB,Rp11.722.000,no rating,-,-,Intel Powered Store Surabaya by ExpoComp,Surabaya,https://images.tokopedia.net/img/cache/200-square/VqbcmM/2024/7/3/a5f3bd39-0080-45cb-b398-464f31eeac5d.jpg
Asus TUF Gaming F15 FX507VU-I745K6M-OM - Intel Core i7-13620H/16GB/512GB/RTX4050 6GB/15.6 FHD/WIN11+OHS2021,Rp20.294.010Rp20.499.000,no rating,Diskon 1jt,-,IT Galeri,Tangerang Selatan,https://images.tokopedia.net/img/cache/200-square/VqbcmM/2024/8/7/94a48d97-3155-4e4b-99a8-7fcf040d7204.jpg
"Lenovo Thinkpad L13 YOGA G3 Touch i7 12TH Gen RAM 16GB Inc Pen Stylush - L13 G1 I5-10, 16GB + 128GB",Rp4.250.000,4.9,-,100+ terjual,FoxComp,Jakarta Pusat,https://images.tokopedia.net/img/cache/200-square/VqbcmM/2023/11/14/2bd1727f-aeed-406d-9165-12ba32b7bcda.jpg
SAMSUNG Galaxy Book Odyssey - Gaming Laptop Core i7 1160G7 RTX 3050Ti,Rp30.499.000,no rating,-,-,Live Life,Tangerang,https://images.tokopedia.net/img/cache/200-square/VqbcmM/2021/11/23/dbb2d5e1-9e7e-4185-8fed-a0959d9b3e3e.jpg
LAPTOP GAMING AND RENDERING LENOVO LEGION Y530 INTEL CORE I7 RAM 16 GB VGA NVIDIA GEFORCE GTX 1050Ti,Rp8.500.000,no rating,-,-,jcomputers008,Jakarta Timur,https://images.tokopedia.net/img/cache/200-square/VqbcmM/2024/6/14/da33db17-60f2-47d7-8a48-5db02b36f2b0.jpg
Laptop Gaming MSI Apache Pro GE62 core i7 512 GB SSD [FULLSET],Rp3.200.000,no rating,-,-,Nura_Beauty,Serang,https://images.tokopedia.net/img/cache/200-square/VqbcmM/2024/8/3/c6831d6e-e027-4b12-8c83-d95beebc5555.jpg
LAPTOP GAMING ASUS ROG ZEPHYRUS M15 GU502LV CORE i7 GEN 10 RAM 16GB SSD 512GB DUAL VGA,Rp11.999.900,no rating,-,-,AuraStore84,Batam,https://images.tokopedia.net/img/cache/200-square/VqbcmM/2024/6/14/6d9bc01a-72e7-498a-b987-a8899a5e145b.jpg
Laptop Gaming MSI Gp62 7REX LEOPARD PRO GTX 1050TI Second Bekas intel core i7 7700HQ (dapat Bonus sampai Jutaan),Rp7.007.007,no rating,-,-,Brebes Flash Sale,Tegal,https://images.tokopedia.net/img/cache/200-square/VqbcmM/2024/6/1/b640a276-bbc9-4d79-b484-e5c3cf3d9336.jpg
"Dell XPS 13 9365 Touch Tablet Core i7 7th Ram 16GB 13-inch Full HD - 16GB+SSD 256GB, Mati Mainboard",Rp3.950.000,5.0,-,1 terjual,ROPINDO COMPUTER,Bekasi,https://images.tokopedia.net/img/cache/200-square/VqbcmM/2024/8/24/ee357153-698a-4044-982d-84863ec4c314.jpg
laptop bekas hp elitebook 8440p,Rp2.000.000,no rating,-,-,dapur-KAYLA,Jakarta Utara,https://images.tokopedia.net/img/cache/200-square/VqbcmM/2024/8/7/9838c959-f9fc-4c80-83b1-2061b422db6b.jpg
PROMO!! LAPTOP ASUS X441 RAM 8GB/512GB SSD FREE MOUSE/TAS,Rp1.750.000,4.8,-,50+ terjual,FAMILY GAME,Jakarta Barat,https://images.tokopedia.net/img/cache/200-square/VqbcmM/2023/1/11/a67a2eac-076c-4996-9f7d-43410263bf7e.jpg
"LENOVO LOQ GAMING 15IRX9 AHID GREY CORE i7-13650HX RTX4050 12GB 512GB - NON BUNDLE, TETAP 12GB",Rp17.084.000,no rating,-,-,Intel Powered Store Surabaya by ExpoComp,Surabaya,https://images.tokopedia.net/img/cache/200-square/VqbcmM/2024/7/25/a8ccac8a-eb98-47af-b565-83e2746625d6.jpg
"Lenovo Thinkpad T480s Core i7 8th Gen Super Slim Like New - I7 GEN 8, 8GB + 128GB",Rp3.750.000,4.9,-,250+ terjual,FoxComp,Jakarta Pusat,https://images.tokopedia.net/img/cache/200-square/VqbcmM/2023/2/17/4e2c074e-c593-4902-a971-615b6d191615.jpg
Asus ROG GL552VX Core i7 Gen7 Nvidia GTX 950 Laptop Gaming Second SSD,Rp6.200.000,5.0,-,4 terjual,Tokoplaza Laptop,Depok,https://images.tokopedia.net/img/cache/200-square/VqbcmM/2021/9/2/f9f5e2c9-faf0-46f7-98df-907d3b18bfe6.jpg
LAPTOP GAMING MSI GL62 6QF RAM 32GB SSD512 CORE i7 6700QM GTX960 AFTER EFFECT PREMIERE 2020 SIAP,Rp4.500.000,no rating,-,-,District One Shop,Semarang,https://images.tokopedia.net/img/cache/200-square/VqbcmM/2024/6/10/1f594fa3-e723-4a49-beaa-92b99f14a380.jpg
LAPTOP GAMING ASUS VIVOBOOK X550VX CORE I7 GEN9 GTX 1650 MULUS,Rp8.400.000,no rating,-,-,Jos Parts,Surabaya,https://images.tokopedia.net/img/cache/200-square/VqbcmM/2024/7/10/357cc28c-fe56-4a5d-8fe9-556100e4841c.jpg
"Laptop LENOVO Ideapad Gaming 3 Core i7 gen 12, RTX3050 (8/512) White",Rp12.200.000,no rating,-,-,HERO COMPUTER JOGJA,Kab. Sleman,https://images.tokopedia.net/img/cache/200-square/VqbcmM/2024/1/8/e0e81cea-1c9f-47eb-9a10-f1dacd98b5df.jpg
LAPTOP SUPER GAMING DELL ALIENWARE 17 CORE I7 4710HQ GTX 860 MANTAP,Rp12.000.000,no rating,-,-,KW Premium Shoes,Jakarta Barat,https://images.tokopedia.net/img/cache/200-square/product-1/2018/12/16/4150226/4150226_eb45df67-3a65-42fe-9bf2-0d2b83404c56_700_700.jpg
LAPTOP GAMING DAN EDITING HP ZBOOK POWER G8 CORE i7 GEN 11th RAM 32GB SSD 512GB,Rp10.999.999,no rating,-,-,SEPTIAN_ST0RE,Batam,https://images.tokopedia.net/img/cache/200-square/VqbcmM/2024/4/23/6dc8e818-3d85-4f59-b7ad-3fc8d96a6e21.jpg
"Laptop Gaming, Render Asus Rog X550JX Core i7 (8/128) Vga Geforce GTX 950M, FHD",Rp4.000.000,no rating,-,-,CNT Computer,Kab. Deli Serdang,https://images.tokopedia.net/img/cache/200-square/VqbcmM/2024/6/29/70c07156-1d05-4c8e-8875-f606c1cf3dba.jpg
HP Pavilion Gaming 15 Core i7 10750H Nvidia GTX 1650 4GB Laptop Gaming Second Murah,Rp8.250.000,no rating,-,-,Tokoplaza Laptop,Depok,https://images.tokopedia.net/img/cache/200-square/VqbcmM/2024/5/22/28b90906-c93b-4de8-a851-9f666953ad3b.jpg
LAPTOP GAMING & DESIGN DELL CORE i7 GEN 7 RAM 16GB SSD 256GB DUAL VGA,Rp5.100.000,no rating,-,-,MILENIAL TECH,Bogor,https://images.tokopedia.net/img/cache/200-square/VqbcmM/2022/12/5/5c74b9a4-71e7-4ccb-a29a-f6d530180bac.jpg
Laptop Gaming Asus ROG G56JK Core i7 4710HQ Nvidia GTX 850M 4GB Slim Mulus,Rp4.300.000,no rating,-,-,Ysmail Shop,Kab. Sumedang,https://images.tokopedia.net/img/cache/200-square/VqbcmM/2024/5/4/dbc4c501-4c17-4f87-a5e4-ab489dc24886.jpg
"Laptop Ultrabook Gen 11 J4105 14.1 Inci RAM DDR4 8GB + SSD 256/512GB - SILVER DDR 4, 8+256G M.2 SSD",Rp3.600.500,5.0,Diskon 100rb,11 terjual,MengmaStore,Jakarta Utara,https://images.tokopedia.net/img/cache/200-square/VqbcmM/2023/10/11/3c745e6f-d78d-4ceb-8bca-c756bb69dcf5.jpg
"Intel NUC Laptop Ci7-1165G7 RAM 16GB NVME 1TB 14"" Touchscreen W11 HOME",Rp11.799.000,5.0,-,2 terjual,WPG OFFICIAL,Jakarta Pusat,https://images.tokopedia.net/img/cache/200-square/VqbcmM/2024/9/7/9c639757-f6a9-413c-82d1-b63bf61b6675.png
Lenovo V14 G4 i5-13420H 512GB SSD 8GB FHD IPS Win11+OHS,Rp8.999.000Rp10.599.000,5.0,"Diskon 449,95rb",40+ terjual,Lenovo Authorized Tangerang,Tangerang,https://images.tokopedia.net/img/cache/200-square/VqbcmM/2024/8/1/a6ef20bc-5442-4936-a6fe-18db5ef4b833.jpg
"MSI GAMING THIN 15 B12VE 9S7-16R831-2404 GREY CORE i7-12650H RTX4050 8GB 512GB W11 TANPA OHS 2021 - NON BUNDLE, TETAP 8GB",Rp13.398.000,no rating,-,-,Intel Powered Store Surabaya by ExpoComp,Surabaya,https://images.tokopedia.net/img/cache/200-square/VqbcmM/2024/9/6/0377a7a9-9ce0-4c7e-804a-4376028e97c0.jpg
Intel GEN 7 Touchscreen Laptop 2 in 1 FHD Windows Tablet for Students - RAM8GB/SSD256GB,Rp3.590.000Rp3.890.000,4.8,-,17 terjual,Intel Official Toko,Kab. Tangerang,https://images.tokopedia.net/img/cache/200-square/VqbcmM/2024/4/12/da397651-8ad5-4b6b-84a6-ef438049c985.jpg
laptop gaming hp omen intel core i7-6700HQ GTX 960M ram 16/256/HDD 1tb,Rp5.300.000,no rating,-,-,P COMP STORE,Bandung,https://images.tokopedia.net/img/cache/200-square/VqbcmM/2024/3/12/c7a95536-ab8f-446e-9316-d5d991676412.jpg
"GAMING - Laptop Lenovo Legion i7 RTX Black 🤩
Processor Intel Core i7 ",Rp14.800.000,no rating,-,-,LAPTOPMURAHBERKUALITAS_IDN,Makassar,https://images.tokopedia.net/img/cache/200-square/VqbcmM/2023/9/11/f7958d7e-655e-49d4-92ce-1eb53f035204.jpg
Laptop Gaming Axioo Mybook Pongo 725 Core i7 - Ram 16GB - RTX 2050 4GB,Rp11.900.000,no rating,-,-,BitracomBalikpapan,Balikpapan,https://images.tokopedia.net/img/cache/200-square/VqbcmM/2024/8/28/fd3d80e6-cb8c-4a99-9739-c07a4fbdbf0e.png
Laptop Gaming / Editing / Rendering Lenovo ThinkPad T430 Core i7 Mulus,Rp1.550.000,5.0,-,2 terjual,ASIATech.,Bandung,https://images.tokopedia.net/img/cache/200-square/VqbcmM/2024/3/7/c9dcadd5-7aef-44a7-8697-9ad8eb1ada36.png
OneNetbook Onemix 5 One Mix 5 Laptop mini Gaming Core i7-1250U Win11,Rp24.299.000,5.0,-,2 terjual,Stone Edge,Tangerang,https://images.tokopedia.net/img/cache/200-square/VqbcmM/2023/10/5/ae32f806-45cc-4215-9f58-b112a51bbea1.png
"LAPTOP GAMING MURAH ROG STRIX G512LI CORE i7 GEN 10 RAM 8/512GB SSD GTX 1650Ti 4GB LAYAR 15,6"" WIN 11 MULUS & BERGARANSI",Rp9.880.000,no rating,-,-,MINORUU Store,Surakarta,https://images.tokopedia.net/img/cache/200-square/VqbcmM/2024/9/12/3c93648f-61bd-4ef1-a1b0-d4bd2c9149e2.jpg
Laptop Asus Tuf Gaming F15 FX507ZE Core I7-12700H 8/512GB RTX3050 Ti,Rp11.850.000,no rating,-,-,service center laptop bandung,Bandung,https://images.tokopedia.net/img/cache/200-square/VqbcmM/2024/7/4/d928c2b6-829b-4c07-901f-49eca6161510.jpg
"Laptop Gaming LENOVO LEGION 5 Fullset Garansi - Intel Core i7 12700H RTX 3050Ti 15,6inch 165Hz IPS FHD 1080p RAM 16GB SSD 512GB Win 11 Ori",Rp14.499.000,no rating,-,-,@laptopsecond.bdg,Bandung,https://images.tokopedia.net/img/cache/200-square/VqbcmM/2024/5/23/93b339cc-12db-4e35-84d3-2af3d6637c2a.jpg
LAPTOP GAMING & RENDERING LENOVO LEGION Y530-81FV CORE i7 GEN 8 RAM 16GB SSD 256GB HDD 1TB DUAL VGA,Rp7.499.900,no rating,-,-,AuraStore84,Batam,https://images.tokopedia.net/img/cache/200-square/VqbcmM/2024/6/19/47973326-c690-4fcb-9996-6c0fd8d1fa5f.jpg
Laptop Gaming MSI Dominator Ram 24Gb Core i7 SSD+SSD  Dual Vga Nvidia ,Rp8.500.000,no rating,-,-,MasterLaptopComputer,Tangerang Selatan,https://images.tokopedia.net/img/cache/200-square/VqbcmM/2023/11/25/02933e38-7a55-4bc6-81f7-4448647d7e2d.jpg
"MSI GAMING THIN 15 B12UC 9S7-16R831-2405 GREY CORE i7-12650H RTX3050 8GB 512GB WIN 11 - NON BUNDLE, TETAP 8GB",Rp11.712.000,no rating,-,-,Intel Powered Store Surabaya by ExpoComp,Surabaya,https://images.tokopedia.net/img/cache/200-square/VqbcmM/2024/9/6/499a85ff-b64d-480c-9705-a1f17bbb80b8.jpg
"Laptop Baru Hp 14 intel core i7  1355u (Gen 13) 12Cpus up to 5,00 GHz Ram 16/1TB SSD Silver",Rp10.800.000Rp11.800.000,no rating,-,1 terjual,LH Shop,Jakarta Pusat,https://images.tokopedia.net/img/cache/200-square/VqbcmM/2024/8/8/42590978-fbd3-4f89-9a14-6343a11b79b5.jpg
"LENOVO GAMING LEGION 7 16IRX9 07ID BLACK CORE I7-14700HX RTX4060 16GB 1TB W11+OHS2021 - NON BUNDLE, TETAP 16GB",Rp28.934.000,no rating,-,1 terjual,Lenovo Legion Store Surabaya,Surabaya,https://images.tokopedia.net/img/cache/200-square/VqbcmM/2024/8/1/75b7bd77-8a81-4751-8321-1cba3a0354ae.jpg
Lenovo LOQ Gaming Ryzen 7 7435HS RTX4060 512GB SSD 12GB 144Hz 100%sRGB Win11+OHS,Rp17.499.000Rp19.499.000,no rating,"Diskon 874,95rb",-,Lenovo Authorized Tangerang,Tangerang,https://images.tokopedia.net/img/cache/200-square/VqbcmM/2024/8/1/855781d2-8ee6-41c4-878c-0c48b432f9bc.jpg
Laptop Murah Baru Original 10 Inch Windows 10 Tablet PC IPS Layar Sentuh Notebook - RAM2GB/ROM 32GB,Rp1.590.000Rp2.050.000,4.9,-,29 terjual,Intel Official Toko,Kab. Tangerang,https://images.tokopedia.net/img/cache/200-square/VqbcmM/2024/6/27/ca4fb781-02f1-41fd-b781-ca98d58bc858.jpg
Laptop Gaming dan desain Fujitsu lifebook - core i7 - Dual Vga Nvidia,Rp3.650.000,5.0,-,3 terjual,computerindo store,Kab. Jepara,https://images.tokopedia.net/img/cache/200-square/VqbcmM/2023/3/24/ff394e74-362e-4ce8-a789-344c337f2c20.jpg
Laptop Gaming Editing Asus Vivobook A412FL Intel Core i7 Ram 8/512Gb,Rp8.150.000,no rating,-,-,R-07Store,Bandung,https://images.tokopedia.net/img/cache/200-square/VqbcmM/2023/8/24/0fb318a9-134c-421c-9322-bb7fc455acea.jpg
LAPTOP GAMING MSI GF75 CORE I7 GEN10 LIMITED EDITION 17 INC,Rp12.390.000,no rating,-,-,UD Part Laptop,Jakarta Timur,https://images.tokopedia.net/img/cache/200-square/VqbcmM/2023/11/10/610f23e3-6c9b-4bd1-8761-4d1de2d661d9.jpg
laptop asus tuf gaming FX504 core i7 gen 8 kondisi mati total lcd rusak unit only buat kanibalan sesuai poto  no ram no hdd kondisi casing seperti poto no retur no komplain,Rp980.000,5.0,-,1 terjual,universal_laptop,Jakarta Pusat,https://images.tokopedia.net/img/cache/200-square/VqbcmM/2024/8/24/ed966ecb-f6e7-4397-8b25-e5a703bd0791.jpg
Laptop Gaming HP OMEN 16 Gen 13TH Intel Core i7 13700HX RAM 64GB DDR5 2TB SSD RTX4070-8GB 240HZ RGB Windows 11 Original,Rp23.449.000,no rating,Diskon 100rb,-,Global Laptop ID,Kab. Tangerang,https://images.tokopedia.net/img/cache/200-square/VqbcmM/2024/7/27/fb006027-e049-478d-b128-f2d853d42296.jpg
Laptop Gaming Asus ROG GL503GE Core i7 Ram 16gb Ssd 1Tera Dual VGA Nvidia Siap Pakai COD Murah,Rp9.500.000,5.0,-,1 terjual,MasterLaptopComputer,Tangerang Selatan,https://images.tokopedia.net/img/cache/200-square/VqbcmM/2024/6/13/6d8c22ce-ace5-4e62-b3e3-86b94c9ca3ef.jpg
MSI KATANA 15 B13VGK-1887ID RTX4070 Intel Core i7 13620H 1TB SSD 16GB RAM Gaming Notebook / Laptop,Rp21.799.000,no rating,-,-,GASOL DINOYO,Malang,https://images.tokopedia.net/img/cache/200-square/VqbcmM/2024/8/27/57f0d0db-22aa-467e-8342-099a8cc000cf.jpg
Laptop Gaming Lenovo Legion Y530-81FV Core i7-8750 Ram 8gb/ssd 512gb,Rp8.700.000,no rating,-,-,Laptop Master,Tangerang Selatan,https://images.tokopedia.net/img/cache/200-square/VqbcmM/2024/7/2/1aabd0c9-aa30-41fe-941d-7ef790e649ef.jpg
LAPTOP GAMING MSI GE73 RAIDER RGB 8RE 16GB CORE i7,Rp15.000.000,no rating,-,-,jarvisindiagabenar,Kab. Sidoarjo,https://images.tokopedia.net/img/cache/200-square/VqbcmM/2024/6/26/7a27309f-3f1d-4006-b40d-271eec247484.jpg
LAPTOP TUF GAMING F15 CORE I7-11600H RAM 16 GB SSD 512 GB RTX 3050 4GB,Rp12.800.000,no rating,-,-,Al Fatih Computer Store,Bogor,https://images.tokopedia.net/img/cache/200-square/VqbcmM/2023/2/20/c6a9e188-9e45-42a8-974c-5c27c8814aa0.jpg
Laptop Gaming HP VICTUS 15-FA0008TX core i7-12700H,Rp16.500.000,no rating,-,-,8Satu Computer Samarinda,Samarinda,https://images.tokopedia.net/img/cache/200-square/VqbcmM/2022/12/21/7d366d97-7294-4dbe-a740-edea9ca79a12.jpg
SOLD-LAPTOP MONSTER GAMING ASUS ROG G752VY Core i7 With VGA GTX 980 8G,Rp15.000.000,no rating,-,-,TAJIRUN T3CH SHOP,Kab. Sukoharjo,https://images.tokopedia.net/img/cache/200-square/product-1/2019/9/7/1334072/1334072_37c6b11a-7133-47dc-829f-4ab18373b287_1152_1152.jpg
Laptop Gaming Asus FX553VD Intel Core i7-7700HQ 8/256gb GTX 1050,Rp5.699.000,no rating,-,-,Dilagadotstore,Bandung,https://images.tokopedia.net/img/cache/200-square/VqbcmM/2024/2/11/04637738-5f28-4142-8adf-afa02828b792.jpg
Laptop Gaming Asus X550JX INTEL CORE I7-4720HQ 8/256/500GB GTX 930M,Rp4.000.000,no rating,Cashback 100rb,-,Sri Laptop BDG,Bandung,https://images.tokopedia.net/img/cache/200-square/VqbcmM/2024/8/2/f26222f4-2dca-4f53-9890-b79e91f0ee8d.jpg
Laptop Gaming Asus ROG GL503G Core i7 RAM 16GB SSD Fulset Garansi,Rp13.500.000,no rating,-,-,RS Comp,Bandar Lampung,https://images.tokopedia.net/img/cache/200-square/VqbcmM/2020/10/1/8de0f724-d3c3-4793-9f59-e10edb925027.jpg
LAPTOP GAMING MSI PL60 7RD BNOB CORE I7 NVIDIA GTX 1050 RAM 8GB NEW,Rp11.500.000,no rating,-,-,KW Premium Shoes,Jakarta Barat,https://images.tokopedia.net/img/cache/200-square/product-1/2018/12/16/4150226/4150226_a885720e-b4c8-4788-8477-d4b22c7a20a9_700_393.jpg
Laptop Moster Gaming HP OMEN 16-B0064TX Core i7-11800H Nvidia RTX 3060,Rp17.500.000,5.0,-,1 terjual,Planet laptop bandung,Bandung,https://images.tokopedia.net/img/cache/200-square/VqbcmM/2022/7/20/46d45b78-829e-4592-9b3b-a18ce11fb57f.jpg
LAPTOP ALIENWARE 14 GAMING DESIGN & RENDERING FULLSET BOX CORE i7 GEN 4 RAM 8GB SSD 240GB HDD 1TB DUAL VGA,Rp4.999.900,no rating,-,-,AuraStore84,Batam,https://images.tokopedia.net/img/cache/200-square/VqbcmM/2024/6/14/caef104f-bf1b-4b76-bcf4-62186d36a40e.jpg
LAPTOP GAMING DAN EDITING HP ZBOOK POWER G9 CORE i7 GEN 12th RAM 32GB SSD 512GB,Rp14.000.000,no rating,-,-,SEPTIAN_ST0RE,Batam,https://images.tokopedia.net/img/cache/200-square/VqbcmM/2024/4/24/090b05b9-6d42-4af9-af39-b811a17c1944.jpg
Laptop Asus TUF Gaming FX705 Intel Core i7 Ram 16/512gb+1Tb Gtx 1050,Rp7.850.000,no rating,-,-,R-07Store,Bandung,https://images.tokopedia.net/img/cache/200-square/VqbcmM/2024/3/18/9e510f1a-5bdc-441c-a0d7-6cd8ce204dd7.jpg
MSI THIN 15 B12VE 2292ID RTX4050 Intel Core i7-12650H 512GB SSD 8GB RAM Notebook Laptop Gaming,Rp13.359.000,no rating,Cashback 10rb,-,GASOL LAPTOP,Malang,https://images.tokopedia.net/img/cache/200-square/VqbcmM/2024/8/1/829ad685-960f-42c5-9ff6-246003dafef4.jpg
Laptop Gaming Dell G7 7590 core i7 gen9 ram 16 ssd 256 RTX 2080,Rp15.990.000,no rating,-,-,Kedai Tito,Jakarta Utara,https://images.tokopedia.net/img/cache/200-square/VqbcmM/2024/2/9/2c022e31-1656-4758-b5fb-6f8f187fdbb1.jpg
Laptop Asus TUF Gaming FX504GD Core i7 NVIDIA GFORCE GTX1050,Rp10.000.000,no rating,-,-,RAJASUPLEMENT,Balikpapan,https://images.tokopedia.net/img/cache/200-square/VqbcmM/2024/1/3/5e77c0d8-c146-455c-b900-69af9729da5a.jpg
laptop gaming msi gl62 core i7-7700HQ Nvidia GTX 1050 Ram 16gb/SSD 256,Rp6.350.000,no rating,-,-,P COMP STORE,Bandung,https://images.tokopedia.net/img/cache/200-square/VqbcmM/2024/5/3/e718f8fe-6b18-4fe8-a531-a80f9d3131cb.jpg
Laptop Gaming Lenovo LOQ 15IRX9/Core i7-13650HX/12GB/512GB SSD/RTX4050 6GB/15.6″ FHD 144Hz/W11+OHS,Rp19.687.500,no rating,-,-,Bintang Jaya Komputer Samarinda,Samarinda,https://images.tokopedia.net/img/cache/200-square/VqbcmM/2024/7/10/af73069e-d8e0-4e7a-aa5c-41eb015437a8.jpg
Laptop Gaming HP Elitebook HP 840 G3 Core i5 / i7 Ram 32gb Ssd 512gb,Rp2.400.000Rp3.000.000,5.0,Cashback 49rb,12 terjual,Gitech Laptop,Bandung,https://images.tokopedia.net/img/cache/200-square/VqbcmM/2023/3/25/ed2a250e-24a2-46fa-96c9-f95d1da3440b.png
Asus ROG FX504GD TUF Gaming Laptop i7 w/ 12-Core + GDDR5X 1050,Rp8.999.000,5.0,-,20 terjual,GanDante's Store,Bandung,https://images.tokopedia.net/img/cache/200-square/product-1/2019/4/29/3431641/3431641_3fb99831-e1f1-4031-8ea7-02989bdfc524_2048_1536.jpg
LENOVO LEGION PRO 5 16IAH7H RHID RTX3070Ti 8GB Intel Core i7-12700H 1TB SSD 16GB RAM Gaming Notebook Laptop,Rp24.325.000,no rating,-,-,Galaxy Solusindo,Malang,https://images.tokopedia.net/img/cache/200-square/VqbcmM/2024/5/13/49518325-0a5f-4270-8d5d-eb31c736be27.jpg
Laptop Gaming Design HP ENVY 15 Core i7 4700MQ NVIDIA GT 740M Ram 8GB SSD 128 MULUS,Rp2.600.000,no rating,-,-,ThinkpadPD,Jakarta Timur,https://images.tokopedia.net/img/cache/200-square/VqbcmM/2024/6/11/df5c70bd-5b4c-4f06-b44c-46bc7c621fe9.jpg
"Laptop HP Spectre X360 13-af078TU, (Touchscreen), Core i7 - 8550U, Ram 16/ SSD 512Gb Gaming Ngebut, Slim, Black List Gold",Rp7.900.000,no rating,-,1 terjual,BURSA_LAPTOP_EFEK,Jakarta Barat,https://images.tokopedia.net/img/cache/200-square/VqbcmM/2024/6/6/111d6ebb-5f1f-4482-bc1f-77347027a1d9.jpg
MSI GL62MVR 7RFX Core i7 Gen 7 SSD VGA Nvidia GTX 1060 Laptop Gaming,Rp8.950.000,5.0,-,1 terjual,Tokoplaza Laptop,Depok,https://images.tokopedia.net/img/cache/200-square/VqbcmM/2022/10/25/08acaf80-1305-474f-8e1a-4f7e035a9a05.jpg
Laptop Gaming Dell Alienware M15 R2 Core i7 Gen 9th RTX 2070 8GB,Rp23.500.000,no rating,-,-,quickstar320,Bandung,https://images.tokopedia.net/img/cache/200-square/VqbcmM/2021/7/10/e207d6f1-f50e-4b67-badc-f3651fe018b0.jpg
HP VICTUS 16 R1209TX RTX4060 Intel Core i7-14650HX 512GB SSD 16GB RAM Notebook Laptop Gaming,Rp22.399.000,no rating,-,-,GASOL SUMBERSARI,Malang,https://images.tokopedia.net/img/cache/200-square/VqbcmM/2024/8/30/096f1bb2-c9f0-49d6-892d-c6ff1fd90520.jpg
Laptop Gaming MSI LEOPARD GL65 9SDK-232ID / Core i7-9750H / Ram 8Gb / SSD 512Gb Dualvga GTX 1660Ti 6Gb + UHD Graphic 630 Full RGB Fullset,Rp11.600.000,no rating,-,-,kajoedstore17,Jakarta Barat,https://images.tokopedia.net/img/cache/200-square/VqbcmM/2024/6/2/e483b3d0-ddce-43c7-93d0-19da076940e7.jpg
MSI THIN 15 B13UCX 2408ID RTX2050 Intel Core i7-13620H 512GB SSD 8GB RAM Notebook Laptop Gaming,Rp11.899.000,no rating,-,-,GASOL,Malang,https://images.tokopedia.net/img/cache/200-square/VqbcmM/2024/8/19/58ab5fe6-4af2-47e4-9a17-a917f1be5cfa.jpg
Lenovo Thinkpad T495 AMD Ryzen 5 Pro 3500U Vega 8 RAM 32GB 1TB SSD,Rp4.400.000,4.9,-,90+ terjual,FoxComp,Jakarta Pusat,https://images.tokopedia.net/img/cache/200-square/VqbcmM/2023/6/14/b3992975-30ef-4d69-b944-2addf6c8ea96.jpg
"SUPER DISKON..!! LAPTOP DELL LATITUDE 4300 CORE 2 DUO RAM 4 SSD 128GB - 2GB, HDD 160GB",Rp1.350.000,5.0,-,2 terjual,FAMILY GAME,Jakarta Barat,https://images.tokopedia.net/img/cache/200-square/VqbcmM/2022/6/17/32e71dda-d9aa-4e79-9bcd-ebeca219b5b2.jpg
Lenovo IdeaPad Slim 3 14IRH8 Core i7-13620H 16GB 512GB SSD W11+OHS - FREE CORKCICLE,Rp11.080.000Rp13.000.000,no rating,Diskon 554rb,-,Gimu Gimu Store,Jakarta Utara,https://images.tokopedia.net/img/cache/200-square/VqbcmM/2024/9/10/7e04dac2-e401-4683-a4d3-a3af9ceebead.png
"MSI Gaming Thin 15 Core i7 13620H RTX3050 16GB 512GB W11 15.6FHD 144Hz - Non Bundling, 8gb",Rp12.749.000Rp15.799.000,5.0,"Diskon 637,45rb",3 terjual,Top Tech,Jakarta Utara,https://images.tokopedia.net/img/cache/200-square/VqbcmM/2024/8/9/34dea3ee-ea19-4204-92a8-1b14eeac9338.jpg
laptop MacBook pro 15 MD103 core i7 ram 16gb dual vga nvidia ssd 512gb - Ram 8gb/Ssd 256,Rp4.250.000,5.0,-,3 terjual,computerindo store,Kab. Jepara,https://images.tokopedia.net/img/cache/200-square/VqbcmM/2023/4/4/82db8cb1-0a43-48a7-a610-87f226aef772.jpg
